‚Ññ,Name:,Description:,Price:,Image Url:
1,–ü—Ä–æ–¥–∞–∂–∞ Toyota Camry VIII (XV70) US Market 2.5 ,"–û–ø–∏—Å–∞–Ω–∏–µ
–ü–†–û–î–ê–ï–¢–°–Ø 
TOYOTA CAMRY (Hybrid) 
‚úÖ –ì–æ–¥: 2018 
‚úÖ –°–æ—Å—Ç–æ—è–Ω–∏–µ: –ò–¥–µ–∞–ª—å–Ω–æ–µ 
‚úÖ –¶–µ–Ω–∞:27000$ (–º–∏–Ω–∏-—Ç–æ—Ä–≥) 
‚úÖ –ú–∞—à–∏–Ω–∞ –±–µ–∑ –≤–ª–æ–∂–µ–Ω–∏–π –≤—Å–µ —Ä–∞—Å—Ö–æ–¥–Ω–∏–∫–∏ –∏ –º–∞—Å–ª–∞ –∑–∞–º–µ–Ω–µ–Ω—ã
‚úÖ –¢–µ—Ö–Ω–∏—á–µ—Å–∫–∏ –∏ –ø–æ –≤–Ω–µ—à–Ω–æ—Å—Ç–∏ –≤ –æ—Ç–ª–∏—á–Ω–æ–º —Å–æ—Å—Ç–æ—è–Ω–∏–∏ 
‚úÖ –î–∞—Ç—á–∏–∫ —Å–ª–µ–ø—ã—Ö –∑–æ–Ω
‚úÖ –î–∞—Ç—á–∏–∫ –∞–Ω—Ç–∏ —Å—Ç–æ–ª–∫–Ω–æ–≤–µ–Ω–∏–π
‚úÖ–î–∞—Ç—á–∏–∫ —É–¥–µ—Ä–∂–∞–Ω–∏—è –ø–æ–ª–æ—Å
‚úÖ –ë–µ—Å–ø—Ä–æ–≤–æ–¥–Ω–∞—è –∑–∞—Ä—è–¥–∫–∞
‚úÖ –ë–µ–∑ –∫–ª—é—á–µ–≤–æ–π –¥–æ—Å—Ç—É–ø Push/Stat 
‚úÖ –ü–æ–¥–æ–≥—Ä–µ–≤ –ø–µ—Ä–µ–¥–Ω–∏—Ö —Å–∏–¥–µ–Ω–∏–π
‚úÖ 3 —Ä–µ–∂–∏–º–∞ –µ–∑–¥—ã (ECO,NORMAL,SPORT) 
‚úÖ –õ–µ–ø–µ—Å—Ç–∫–∏ –Ω–∞ —Ä—É–ª–µ
‚úÖ HOLD
‚úÖ –°–¥–µ–ª–∞–Ω –¥–æ—Ä–æ–≥–æ–π –¥–µ—Ä–µ–≤–æ –∞–∫–≤–∞ –ø—Ä–∏–Ω—Ç –≤–µ—Å—å –ø–ª–∞—Å—Ç–∏–∫
‚úÖ –ê–∫—É—Å—Ç–∏–∫–∞ JBL
‚úÖ –ü–æ–ª–Ω–æ—Å—Ç—å—é —Å–¥–µ–ª–∞–Ω —à—É–º–æ–∏–∑–æ–ª—è—Ü–∏—è 3 —Å–ª–æ—è
‚úÖ –°–¥–µ–ª–∞–Ω–æ –ø–æ–ª–∏—Ä–æ–≤–∫–∞ –∏ –∫–µ—Ä–∞–º–∏–∫–∞ 2 —Å–ª–æ—è
‚úÖ –ü–æ–º–µ–Ω—è–ª –ª–∏–Ω–∑—ã —Ñ–∞—Ä GTR —Ñ–∏—Ä–º—ã –æ—Å–≤–µ—â–∞–µ—Ç –∏–¥–µ–∞–ª—å–Ω–æ üî•

–ê–¥–∏–ª–µ—Ç 
0507474444

–ö–æ–º–ø–ª–µ–∫—Ç–∞—Ü–∏—è

–í–Ω–µ—à–Ω–∏–π –≤–∏–¥

–æ–±–≤–µ—Å
—Ç–æ–Ω–∏—Ä–æ–≤–∫–∞
—Å–ø–æ–π–ª–µ—Ä
–ª–∏—Ç—ã–µ –¥–∏—Å–∫–∏
–ª—é–∫


–°–∞–ª–æ–Ω

–∫–æ–∂–∞
–∫–æ–º–±–∏–Ω–∏—Ä–æ–≤–∞–Ω–Ω—ã–π
–¥–µ—Ä–µ–≤–æ


–ú—É–ª—å—Ç–∏–º–µ–¥–∏–∞

CD
DVD
MP3
USB
—Å–∞–±–≤—É—Ñ–µ—Ä


–ë–µ–∑–æ–ø–∞—Å–Ω–æ—Å—Ç—å

–∞–Ω—Ç–∏–±–ª–æ–∫–∏—Ä–æ–≤–æ—á–Ω–∞—è —Å–∏—Å—Ç–µ–º–∞ (ABS)
–∞–Ω—Ç–∏–ø—Ä–æ–±—É–∫—Å–æ–≤–æ—á–Ω–∞—è —Å–∏—Å—Ç–µ–º–∞
—Å–∏—Å—Ç–µ–º–∞ –∫—É—Ä—Å–æ–≤–æ–π —É—Å—Ç–æ–π—á–∏–≤–æ—Å—Ç–∏
–∫–∞–º–µ—Ä–∞ –∑–∞–¥–Ω–µ–≥–æ –≤–∏–¥–∞


–û–ø—Ü–∏–∏

–ø–æ–ª–Ω—ã–π —ç–ª–µ–∫—Ç—Ä–æ–ø–∞–∫–µ—Ç
—Å–∏–≥–Ω–∞–ª–∏–∑–∞—Ü–∏—è
–∫–æ–Ω–¥–∏—Ü–∏–æ–Ω–µ—Ä
–∫–ª–∏–º–∞—Ç –∫–æ–Ω—Ç—Ä–æ–ª—å
–∫—Ä—É–∏–∑-–∫–æ–Ω—Ç—Ä–æ–ª—å
–ø–æ–¥–æ–≥—Ä–µ–≤ –ø–µ—Ä–µ–¥–Ω–∏—Ö —Å–∏–¥–µ–Ω–∏–π
–æ–±–æ–≥—Ä–µ–≤ –∑–µ—Ä–∫–∞–ª
–∫—Å–µ–Ω–æ–Ω
–¥–∞—Ç—á–∏–∫ –¥–æ–∂–¥—è
–¥–∞—Ç—á–∏–∫ —Å–≤–µ—Ç–∞
–±–æ—Ä—Ç–æ–≤–æ–π –∫–æ–º–ø—å—é—Ç–µ—Ä
—Ü–µ–Ω—Ç—Ä–∞–ª—å–Ω—ã–π –∑–∞–º–æ–∫",$ 25 000,"https://im.mashina.kg/tachka/images//2/8/c/28c114d30d5b03fd09b8ebaf14f659de_1200x900.jpg
https://im.mashina.kg/tachka/images//6/a/8/6a8e6770fa478f3e3aa0bc559cf80cdf_1200x900.jpg
https://im.mashina.kg/tachka/images//6/2/8/62817f2cc15415229e9ef71b214ceccb_1200x900.jpg
https://im.mashina.kg/tachka/images//e/f/b/efb8ff58800468d7b68d1d9bccb74df2_1200x900.jpg
https://im.mashina.kg/tachka/images//f/8/3/f8383c59caf361de864ba03054546d5d_1200x900.jpg
https://im.mashina.kg/tachka/images//8/2/d/82d172ff2e370067ca11f0f63af8177b_1200x900.jpg
https://im.mashina.kg/tachka/images//c/6/1/c61223d8d76b2620c4dab8b172b64810_1200x900.jpg
https://im.mashina.kg/tachka/images//9/3/a/93a713f972996f821b94a68b54b9e09e_1200x900.jpg
https://im.mashina.kg/tachka/images//3/1/1/3111d0f0fce9f41cf8fef6b4349fba25_1200x900.jpg
https://im.mashina.kg/tachka/images//2/7/5/27527fe8e6f8bdaf517fe4d46f2efda3_1200x900.jpg
https://im.mashina.kg/tachka/images//8/7/6/8767beafa4c6c8a7238ebb7a82ec6edb_1200x900.jpg
"
2,–ü—Ä–æ–¥–∞–∂–∞ LiXiang L9 1.5 ,"–û–ø–∏—Å–∞–Ω–∏–µ
–í –Ω–∞–ª–∏—á–∏–∏, –ë–∏—à–∫–µ–∫

L9 Max 
2023

! –û–†–ò–ì–ò–ù–ê–õ–¨–ù–´–ï –ü–û–†–û–ì–ò –∏–¥—É—Ç –≤ –∫–æ–º–ø–ª–µ–∫—Ç–µ —Å –∞–≤—Ç–æ ! 
*–°—Ç–æ–∏–º–æ—Å—Ç—å –æ—Ä–∏–≥–∏–Ω–∞–ª—å–Ω—ã—Ö –ø–æ—Ä–æ–≥–æ–≤ 1.500$

–†–∞—Å—Ç–∞–º–æ–∂–µ–Ω
–ì–æ—Ç–æ–≤ –∫ –æ—Ñ–æ—Ä–º–ª–µ–Ω–∏—é / –æ—Ç–ø—Ä–∞–≤–∫–µ

75.500$

0702030050

–ö–æ–º–ø–ª–µ–∫—Ç–∞—Ü–∏—è

–í–Ω–µ—à–Ω–∏–π –≤–∏–¥

–æ–±–≤–µ—Å
—Ç–æ–Ω–∏—Ä–æ–≤–∫–∞
—Å–ø–æ–π–ª–µ—Ä
–ª–∏—Ç—ã–µ –¥–∏—Å–∫–∏
–ª—é–∫


–°–∞–ª–æ–Ω

–≤–µ–ª—é—Ä
–∫–æ–∂–∞
–∫–æ–º–±–∏–Ω–∏—Ä–æ–≤–∞–Ω–Ω—ã–π
–¥–µ—Ä–µ–≤–æ


–ú—É–ª—å—Ç–∏–º–µ–¥–∏–∞

CD
DVD
MP3
USB
—Å–∞–±–≤—É—Ñ–µ—Ä


–ë–µ–∑–æ–ø–∞—Å–Ω–æ—Å—Ç—å

–∞–Ω—Ç–∏–±–ª–æ–∫–∏—Ä–æ–≤–æ—á–Ω–∞—è —Å–∏—Å—Ç–µ–º–∞ (ABS)
–∞–Ω—Ç–∏–ø—Ä–æ–±—É–∫—Å–æ–≤–æ—á–Ω–∞—è —Å–∏—Å—Ç–µ–º–∞
—Å–∏—Å—Ç–µ–º–∞ –∫—É—Ä—Å–æ–≤–æ–π —É—Å—Ç–æ–π—á–∏–≤–æ—Å—Ç–∏
–ø–æ–¥—É—à–∫–∏ –±–µ–∑–æ–ø–∞—Å–Ω–æ—Å—Ç–∏
–ø–∞—Ä–∫—Ç—Ä–æ–Ω–∏–∫
–∫–∞–º–µ—Ä–∞ –∑–∞–¥–Ω–µ–≥–æ –≤–∏–¥–∞


–û–ø—Ü–∏–∏

–ø–æ–ª–Ω—ã–π —ç–ª–µ–∫—Ç—Ä–æ–ø–∞–∫–µ—Ç
—Å–∏–≥–Ω–∞–ª–∏–∑–∞—Ü–∏—è
–∞–≤—Ç–æ–∑–∞–≤–æ–¥
–∫–æ–Ω–¥–∏—Ü–∏–æ–Ω–µ—Ä
–∫–ª–∏–º–∞—Ç –∫–æ–Ω—Ç—Ä–æ–ª—å
–∫—Ä—É–∏–∑-–∫–æ–Ω—Ç—Ä–æ–ª—å
–ø–æ–¥–æ–≥—Ä–µ–≤ –ø–µ—Ä–µ–¥–Ω–∏—Ö —Å–∏–¥–µ–Ω–∏–π
–ø–æ–¥–æ–≥—Ä–µ–≤ –≤—Å–µ—Ö —Å–∏–¥–µ–Ω–∏–π
–æ–±–æ–≥—Ä–µ–≤ –∑–µ—Ä–∫–∞–ª
–∫—Å–µ–Ω–æ–Ω
–±–∏–∫—Å–µ–Ω–æ–Ω
–ø–Ω–µ–≤–º–æ–ø–æ–¥–≤–µ—Å–∫–∞
–ø–∞–º—è—Ç—å —Å–∏–¥–µ–Ω–∏–π
–ø–∞–º—è—Ç—å —Ä—É–ª—è
–¥–∞—Ç—á–∏–∫ –¥–æ–∂–¥—è
–¥–∞—Ç—á–∏–∫ —Å–≤–µ—Ç–∞
–±–æ—Ä—Ç–æ–≤–æ–π –∫–æ–º–ø—å—é—Ç–µ—Ä
–∫–æ—Ä—Ä–µ–∫—Ç–æ—Ä —Ñ–∞—Ä
—Ü–µ–Ω—Ç—Ä–∞–ª—å–Ω—ã–π –∑–∞–º–æ–∫",$ 74 800,"https://im.mashina.kg/tachka/images//8/9/7/897ff4aacc2bfdfbf52369d204900f81_1200x900.jpg
https://im.mashina.kg/tachka/images//e/b/5/eb58f0be17feb3627dd310e1757cd958_1200x900.jpg
https://im.mashina.kg/tachka/images//0/3/c/03c01973974baedf9ea70b7c6f8fab12_1200x900.jpg
https://im.mashina.kg/tachka/images//3/7/c/37c5e890eba70691cf613cf40f243190_1200x900.jpg
https://im.mashina.kg/tachka/images//8/b/0/8b0daa382f44bd0e5d86a44fa8696d00_1200x900.jpg
https://im.mashina.kg/tachka/images//4/6/0/4602195e2a527defe68ae30e610152a2_1200x900.jpg
https://im.mashina.kg/tachka/images//7/b/f/7bfc9c41280d53798e946daf7a51998e_1200x900.jpg
https://im.mashina.kg/tachka/images//f/8/c/f8c9a671c27a1c0d5ef686e0d03126cd_1200x900.jpg
https://im.mashina.kg/tachka/images//f/d/8/fd83d88d0d89ef6ada3ecc57949fc749_1200x900.jpg
https://im.mashina.kg/tachka/images//8/b/1/8b18c1d83434eaa9a48e01f24bbdc5d9_1200x900.jpg
"
3,–ü—Ä–æ–¥–∞–∂–∞ EXEED RX I 2.0 ,"–û–ø–∏—Å–∞–Ω–∏–µ
EXEED Rx youxoang 
–ø—Ä–µ–¥–º–∞–∫—Å–∏–º–∞–ª—å–Ω—ã–µ, 
–≤ –Ω–∞–ª–∏—á–∏–∏ –≤ —Å–≤—Ö –º–∏–ª–∞–Ω.
–∑–≤–æ–Ω–∏—Ç—å +996501505719

–ö–æ–º–ø–ª–µ–∫—Ç–∞—Ü–∏—è",$ 34 500,"https://im.mashina.kg/tachka/images//2/a/b/2aba688bd1df7052661b0669da8e1b7c_1200x900.jpg
https://im.mashina.kg/tachka/images//d/9/7/d9771c2d00af305cb471369b66b11b0f_1200x900.jpg
https://im.mashina.kg/tachka/images//6/d/0/6d0cdf1323b2a5b30710ad29c90e04b1_1200x900.jpg
"
4,–ü—Ä–æ–¥–∞–∂–∞ Hyundai Santa Fe IV 2.0 ,"–û–ø–∏—Å–∞–Ω–∏–µ
Hyundai Santa Fe üá∞üá∑
–ì–æ–¥: 2019 
–û–±—å–µ–º: 2 –î–∏–∑–µ–ª—å 
–ü—Ä–∏–≤–æ–¥: –ü–æ–ª–Ω—ã–π 
–ü–æ–ª–Ω–∞—è –∫–æ–º–ø–ª–µ–∫—Ç–∞—Ü–∏—è 
–¶–µ–Ω–∞ –ó–∞ —Å—Ä–æ—á–Ω–æ—Å—Ç—å : 21800$ –û–∫–æ–Ω—á–∞—Ç–µ–ª—å–Ω–æ 

–ö–æ–º–ø–ª–µ–∫—Ç–∞—Ü–∏—è",$ 21 800,"https://im.mashina.kg/tachka/images//a/7/e/a7ec7453f821fff4fa3436898645d07b_1200x900.jpg
https://im.mashina.kg/tachka/images//1/5/3/1536cdcd9c93787f618db8db162b0f36_1200x900.jpg
https://im.mashina.kg/tachka/images//5/7/9/579842fd1f8cd57469997a89e8417253_1200x900.jpg
https://im.mashina.kg/tachka/images//c/7/e/c7e2d78851db474aa675c7457686ec98_1200x900.jpg
https://im.mashina.kg/tachka/images//7/1/1/711e8abc44756a733209a5c41e4e4efb_1200x900.jpg
https://im.mashina.kg/tachka/images//0/e/0/0e0b7db0f971eb7e9707a93aa875af11_1200x900.jpg
https://im.mashina.kg/tachka/images//1/1/5/1150a096542c1752606dfc0303fb81e2_1200x900.jpg
https://im.mashina.kg/tachka/images//4/1/7/417e42394c2da8dd42470708ce82e666_1200x900.jpg
https://im.mashina.kg/tachka/images//f/3/5/f3551749d648998bab444de279892c1a_1200x900.jpg
https://im.mashina.kg/tachka/images//c/f/9/cf92fa98a7b2e3855572a1a32c3803ce_1200x900.jpg
"
5,–ü—Ä–æ–¥–∞–∂–∞ Toyota Land Cruiser 200 Series 4.7 ,"–û–ø–∏—Å–∞–Ω–∏–µ
–ü—Ä–æ–¥–∞–µ—Ç—Å—è TLC200 2009–≥ 4.7–æ–±—å–µ–º –ï–≤—Ä–æ–ø–µ–µ—Ü!! –ì–∞–∑ –±–µ–Ω–∑–∏–Ω!! –°–∞–ª–æ–Ω —Å–≤–µ—Ç–ª—ã–π –∫–æ–∂–∞! –°–æ—Å—Ç–æ—è–Ω–∏–µ —Ö–æ—Ä–æ—à–∞—è!! –¶–µ–Ω–∞ —Å—Ä–æ—á–Ω–∞—è!! 28.200$ –ù–∞ –æ–±–º–µ–Ω –¥–æ—Ä–æ–∂–µ!! –ü–æ—Å–ª–µ 22:00 –ù–µ –∑–≤–æ–Ω–∏—Ç—å!! –ú–∏–∫—Ä–æ —Ç–æ—Ä–≥ —É –∫–∞–ø–æ—Ç–∞!! –û—Å–º–æ—Ç—Ä –î–∂–∞–ª –º–∫—Ä!! 

–ö–æ–º–ø–ª–µ–∫—Ç–∞—Ü–∏—è",$ 28 200,"https://im.mashina.kg/tachka/images//5/5/2/5527059fb84e9db71827175d529afa39_1200x900.jpg
https://im.mashina.kg/tachka/images//7/6/5/7659e399e46d99e25c7c1e5e821301cf_1200x900.jpg
https://im.mashina.kg/tachka/images//3/2/c/32c55e48939d0d5540b4c5675f6fd242_1200x900.jpg
https://im.mashina.kg/tachka/images//f/d/1/fd1944f2cff932ddce1c90c65510c82f_1200x900.jpg
https://im.mashina.kg/tachka/images//9/c/5/9c5caca6830e1aec7877b312b3aebc5c_1200x900.jpg
https://im.mashina.kg/tachka/images//0/9/1/091ac2be83d3970b590561bd426287f3_1200x900.jpg
https://im.mashina.kg/tachka/images//5/3/1/531671b0f2dd2293b6d6605afd2ec6e8_1200x900.jpg
https://im.mashina.kg/tachka/images//c/1/c/c1ca5572987a99933e4b7167191c3cdf_1200x900.jpg
https://im.mashina.kg/tachka/images//7/6/2/7628d8a197e45b5595170f4bc6ac2db4_1200x900.jpg
"
6,–ü—Ä–æ–¥–∞–∂–∞ Toyota Land Cruiser 200 Series –†–µ—Å—Ç–∞–π–ª–∏–Ω–≥ 1 4.6 ,"–û–ø–∏—Å–∞–Ω–∏–µ
TLC 200 –ø–µ—Ä–µ–¥–µ–ª–∞–Ω–Ω–∞—è –ø–æ–¥ tlc300ü´°
–¢–æ—Ä–≥ –ø—Ä–∏ –æ—Å–º–æ—Ç—Ä–µ ! 

–ö–æ–º–ø–ª–µ–∫—Ç–∞—Ü–∏—è

–í–Ω–µ—à–Ω–∏–π –≤–∏–¥

–æ–±–≤–µ—Å
—Ç–æ–Ω–∏—Ä–æ–≤–∫–∞
–ª–∏—Ç—ã–µ –¥–∏—Å–∫–∏


–°–∞–ª–æ–Ω

–∫–æ–∂–∞


–ú—É–ª—å—Ç–∏–º–µ–¥–∏–∞

USB",$ 51 000,"https://im.mashina.kg/tachka/images//8/3/f/83f88b45ff32519b3601790a4fbaa3f7_1200x900.jpg
https://im.mashina.kg/tachka/images//9/e/b/9ebe0605c080b2e5f6cd04dd333767c5_1200x900.jpg
https://im.mashina.kg/tachka/images//7/6/1/7614c757bbedadfa13cdeb52fb9174fb_1200x900.jpg
https://im.mashina.kg/tachka/images//f/5/b/f5bb7d57c6849300067658d471bb08a3_1200x900.jpg
https://im.mashina.kg/tachka/images//5/e/1/5e1a6164e165ad5ae47e6ba072d5b341_1200x900.jpg
https://im.mashina.kg/tachka/images//4/6/5/46562768101cc2ca7f64872e7ddfa08b_1200x900.jpg
https://im.mashina.kg/tachka/images//9/d/2/9d2dd8eb3ec2411bc1e657765f35dd59_1200x900.jpg
"
7,–ü—Ä–æ–¥–∞–∂–∞ Toyota Land Cruiser 200 Series –†–µ—Å—Ç–∞–π–ª–∏–Ω–≥ 2 4.5 ,"–û–ø–∏—Å–∞–Ω–∏–µ
–°—Ä–æ—á–Ω–æ !!! –ü—Ä–æ–¥–∞—é Toyota Land Cruiser200 –≤ —Å–≤—è–∑–∏ –≤—ã–µ–∑–¥–æ–º –º–∞—à–∏–Ω–∞ –≤ –∏–¥–µ–∞–ª—å–Ω–æ–º —Å–æ—Å—Ç–æ—è–Ω–∏–∏ , –ï–≤—Ä–æ–ø–µ–µ—Ü , 2 –∫–ª—é—á–∞ ,–≤–ª–æ–∂–µ–Ω–∏–π –Ω–µ —Ç—Ä–µ–±—É–µ—Ç , –ø–æ–ª–Ω–æ—Å—Ç—å—é –æ–±—Å–ª—É–∂–µ–Ω–∞, –≤—Å–µ –º–∞—Å–ª–∞ —Ñ–∏–ª—å—Ç—Ä–∞ –∑–∞–º–µ–Ω–µ–Ω—ã , —É—Å—Ç–∞–Ω–æ–≤–ª–µ–Ω–∞ –Ω–æ–≤–∞—è –ª–µ—Ç–Ω—è—è —Ä–µ–∑–∏–Ω–∞ , –º–∞—à–∏–Ω–∞ –≤ –î–¢–ü –Ω–µ —É—á–∞—Å—Ç–≤–æ–≤–∞–ª–∞ –≤—Å—è –≤ —Ä–æ–¥–Ω–æ–π –∫—Ä–∞—Å–∫–µ –±–µ–∑ —Ü–∞—Ä–∞–ø–∏–Ω , —Ä–∂–∞–≤—á–∏–Ω –Ω–µ—Ç—É , –ø—Ä–æ—Ö–æ–¥–Ω–æ–π –Ω–∞ –†–§ , —Ç–æ–ª—â–∏–Ω–æ–º–µ—Ä –ø—Ä–∏–≤–µ—Ç—Å—Ç–≤—É–µ—Ç—Å—è,  –≤—Å–µ —Å—Ç—ë–∫–ª–∞ —Ä–æ–¥–Ω—ã–µ , —Å–∞–ª–æ–Ω –±–µ–∑ —Ç—Ä–µ—â–∏–Ω –∏ –ø–æ—Ç–µ—Ä—Ç–æ—Å—Ç–µ–π , —Å–æ—Å—Ç–æ—è–Ω–∏–µ –∏–¥–µ–∞–ª—å–Ω–æ–µ, —Ä–∞—Å—Ö–æ–¥ –ø–æ –≥–æ—Ä–æ–¥—É 13-14 –ª–∏—Ç—Ä–æ–≤ , —Ç—Ä–∞—Å—Å–∞ 10 –ª–∏—Ç—Ä–æ–≤ , —Å–∞–º—ã–π –Ω–∞–¥—ë–∂–Ω—ã–π –∏ —ç–∫–æ–Ω–æ–º–∏—á–Ω—ã–π –¥–≤–∏–≥–∞—Ç–µ–ª—å ,–ø—Ä–æ—à—É 72000$, –≤—Å–µ –≤–æ–ø—Ä–æ—Å—ã –ø–æ —Ç–µ–ª–µ—Ñ–æ–Ω—É 0559808080 , 0556353030

–ö–æ–º–ø–ª–µ–∫—Ç–∞—Ü–∏—è

–í–Ω–µ—à–Ω–∏–π –≤–∏–¥

–æ–±–≤–µ—Å
—Ç–æ–Ω–∏—Ä–æ–≤–∫–∞
—Å–ø–æ–π–ª–µ—Ä
–ª–∏—Ç—ã–µ –¥–∏—Å–∫–∏
–ª—é–∫


–°–∞–ª–æ–Ω

–∫–æ–∂–∞
–¥–µ—Ä–µ–≤–æ


–ë–µ–∑–æ–ø–∞—Å–Ω–æ—Å—Ç—å

–∞–Ω—Ç–∏–±–ª–æ–∫–∏—Ä–æ–≤–æ—á–Ω–∞—è —Å–∏—Å—Ç–µ–º–∞ (ABS)
–∞–Ω—Ç–∏–ø—Ä–æ–±—É–∫—Å–æ–≤–æ—á–Ω–∞—è —Å–∏—Å—Ç–µ–º–∞
—Å–∏—Å—Ç–µ–º–∞ –∫—É—Ä—Å–æ–≤–æ–π —É—Å—Ç–æ–π—á–∏–≤–æ—Å—Ç–∏
–ø–æ–¥—É—à–∫–∏ –±–µ–∑–æ–ø–∞—Å–Ω–æ—Å—Ç–∏
–ø–∞—Ä–∫—Ç—Ä–æ–Ω–∏–∫
–∫–∞–º–µ—Ä–∞ –∑–∞–¥–Ω–µ–≥–æ –≤–∏–¥–∞


–û–ø—Ü–∏–∏

–ø–æ–ª–Ω—ã–π —ç–ª–µ–∫—Ç—Ä–æ–ø–∞–∫–µ—Ç
—Å–∏–≥–Ω–∞–ª–∏–∑–∞—Ü–∏—è
–∫–ª–∏–º–∞—Ç –∫–æ–Ω—Ç—Ä–æ–ª—å
–∫—Ä—É–∏–∑-–∫–æ–Ω—Ç—Ä–æ–ª—å
–ø–æ–¥–æ–≥—Ä–µ–≤ –≤—Å–µ—Ö —Å–∏–¥–µ–Ω–∏–π
–æ–±–æ–≥—Ä–µ–≤ –∑–µ—Ä–∫–∞–ª
–∫—Å–µ–Ω–æ–Ω
–±–∏–∫—Å–µ–Ω–æ–Ω
–æ–º—ã–≤–∞—Ç–µ–ª—å —Ñ–∞—Ä
–ø–∞–º—è—Ç—å —Ä—É–ª—è
–¥–∞—Ç—á–∏–∫ –¥–æ–∂–¥—è
–¥–∞—Ç—á–∏–∫ —Å–≤–µ—Ç–∞
–±–æ—Ä—Ç–æ–≤–æ–π –∫–æ–º–ø—å—é—Ç–µ—Ä
–∫–æ—Ä—Ä–µ–∫—Ç–æ—Ä —Ñ–∞—Ä
—Ü–µ–Ω—Ç—Ä–∞–ª—å–Ω—ã–π –∑–∞–º–æ–∫",$ 72 000,"https://im.mashina.kg/tachka/images//9/9/5/995addac0479d72d454fa5cf133a1073_1200x900.jpg
https://im.mashina.kg/tachka/images//2/2/2/222246efcdf4e3ab7fd0f35e1c94c588_1200x900.jpg
https://im.mashina.kg/tachka/images//1/c/c/1cc07c6768eac0bdcee4765964121a10_1200x900.jpg
https://im.mashina.kg/tachka/images//d/e/f/defa13a541e7762a167320f39ad6a4ed_1200x900.jpg
https://im.mashina.kg/tachka/images//6/2/0/6201a1f5517d93e144e74482884b5f49_1200x900.jpg
https://im.mashina.kg/tachka/images//c/a/6/ca61058717d7d9543018acba67127e7b_1200x900.jpg
https://im.mashina.kg/tachka/images//5/2/c/52cbb720010970413ab4bc218c613d53_1200x900.jpg
https://im.mashina.kg/tachka/images//8/7/4/874f483330d844ff7229396c9f32aa2c_1200x900.jpg
https://im.mashina.kg/tachka/images//5/5/8/5588e459ae9303a11af69a86e19cd1c6_1200x900.jpg
https://im.mashina.kg/tachka/images//c/3/9/c39fefb26b184c65316e90e0e590129b_1200x900.jpg
"
8,–ü—Ä–æ–¥–∞–∂–∞ Toyota RAV4 V (XA50) 2.0 ,"–û–ø–∏—Å–∞–Ω–∏–µ
–¶–µ–Ω–∞ —Å —Ä–∞—Å—Ç–∞–º–æ–∂–∫–æ–π 
–õ—é–∫ –ø–∞–Ω–æ—Ä–∞–º–Ω—ã–π 

–ö–æ–º–ø–ª–µ–∫—Ç–∞—Ü–∏—è

–í–Ω–µ—à–Ω–∏–π –≤–∏–¥

–ª—é–∫


–°–∞–ª–æ–Ω

–∫–æ–∂–∞


–ë–µ–∑–æ–ø–∞—Å–Ω–æ—Å—Ç—å

–ø–æ–¥—É—à–∫–∏ –±–µ–∑–æ–ø–∞—Å–Ω–æ—Å—Ç–∏


–û–ø—Ü–∏–∏

–ø–æ–ª–Ω—ã–π —ç–ª–µ–∫—Ç—Ä–æ–ø–∞–∫–µ—Ç
—Å–∏–≥–Ω–∞–ª–∏–∑–∞—Ü–∏—è
–∫–æ–Ω–¥–∏—Ü–∏–æ–Ω–µ—Ä
–∫–ª–∏–º–∞—Ç –∫–æ–Ω—Ç—Ä–æ–ª—å
–ø–æ–¥–æ–≥—Ä–µ–≤ –ø–µ—Ä–µ–¥–Ω–∏—Ö —Å–∏–¥–µ–Ω–∏–π",$ 39 800,"https://im.mashina.kg/tachka/images//f/b/2/fb25067c4dbe666bc524aa1e93ab1962_1200x900.jpg
https://im.mashina.kg/tachka/images//e/4/7/e4721aa586a64683fd011ad69db1df86_1200x900.jpg
https://im.mashina.kg/tachka/images//9/b/1/9b1c64fcd6f44bc380448676cf57922d_1200x900.jpg
https://im.mashina.kg/tachka/images//6/9/e/69efedaa21d7b7d7354d81eb1173669a_1200x900.jpg
https://im.mashina.kg/tachka/images//9/b/e/9bedfab557d76ac5471b105d78da9b37_1200x900.jpg
https://im.mashina.kg/tachka/images//7/0/9/709b05bf1234d8047a10b8b2d2f1e5cf_1200x900.jpg
https://im.mashina.kg/tachka/images//3/a/e/3aea6f71fe801f258eb78bbb88f6e40a_1200x900.jpg
https://im.mashina.kg/tachka/images//2/8/2/28264365cc2f9b5234b3469b952bca2a_1200x900.jpg
https://im.mashina.kg/tachka/images//5/e/8/5e89e8491247685683b6fd346f8700df_1200x900.jpg
https://im.mashina.kg/tachka/images//7/0/a/70a900c8dae8c23284f86b049b227915_1200x900.jpg
"
9,"–ü—Ä–æ–¥–∞–∂–∞ Mercedes-Benz E-–∫–ª–∞—Å—Å V (W213, S213, C238) E 200 4MATIC 9G-TRONIC (184 –ª.—Å.) ","–û–ø–∏—Å–∞–Ω–∏–µ
–¶–ï–ù–ê –ò–ó –ó–ê –°–†–û–ß–ù–û–°–¢–ò !
–û–ë–ú–ï–ù –ù–ï –ü–†–ï–î–õ–ê–ì–ê–¢–¨ üôèüèª

–ü—Ä–æ–¥–∞—ë—Ç—Å—è –æ—Ç —Å–æ–±—Å—Ç–≤–µ–Ω–Ω–∏–∫–∞.
–ü—Ä–æ–±–µ–≥ –≤ –æ—Ä–∏–≥–∏–Ω–∞–ª–µ  
300.000 —Ç—ã—Å. —Å —á–µ–º —Ç–æ –µ–∑–¥–∏–ª —Å–∞–º.
–°–æ—Å—Ç–æ—è–Ω–∏–µ –º–∞—à–∏–Ω—ã —Å–æ–æ—Ç–≤–µ—Ç—Å—Ç–≤—É–µ—Ç 150—Ç—ã—Å.
–õ—é–±—ã–µ –ø—Ä–æ–≤–µ—Ä–∫–∏ –∑–∞ —Å—á—ë—Ç –ø–æ–∫—É–ø–∞—Ç–µ–ª—è.

–ö–æ–º–ø–ª–µ–∫—Ç–∞—Ü–∏—è

–í–Ω–µ—à–Ω–∏–π –≤–∏–¥

–æ–±–≤–µ—Å
—Ç–æ–Ω–∏—Ä–æ–≤–∫–∞
–ª–∏—Ç—ã–µ –¥–∏—Å–∫–∏


–°–∞–ª–æ–Ω

–∫–æ–∂–∞


–ú—É–ª—å—Ç–∏–º–µ–¥–∏–∞

CD
DVD
MP3
USB
—Å–∞–±–≤—É—Ñ–µ—Ä


–ë–µ–∑–æ–ø–∞—Å–Ω–æ—Å—Ç—å

–∞–Ω—Ç–∏–±–ª–æ–∫–∏—Ä–æ–≤–æ—á–Ω–∞—è —Å–∏—Å—Ç–µ–º–∞ (ABS)
–∞–Ω—Ç–∏–ø—Ä–æ–±—É–∫—Å–æ–≤–æ—á–Ω–∞—è —Å–∏—Å—Ç–µ–º–∞
—Å–∏—Å—Ç–µ–º–∞ –∫—É—Ä—Å–æ–≤–æ–π —É—Å—Ç–æ–π—á–∏–≤–æ—Å—Ç–∏
–ø–æ–¥—É—à–∫–∏ –±–µ–∑–æ–ø–∞—Å–Ω–æ—Å—Ç–∏
–ø–∞—Ä–∫—Ç—Ä–æ–Ω–∏–∫
–∫–∞–º–µ—Ä–∞ –∑–∞–¥–Ω–µ–≥–æ –≤–∏–¥–∞


–û–ø—Ü–∏–∏

–ø–æ–ª–Ω—ã–π —ç–ª–µ–∫—Ç—Ä–æ–ø–∞–∫–µ—Ç
—Å–∏–≥–Ω–∞–ª–∏–∑–∞—Ü–∏—è
–∫–æ–Ω–¥–∏—Ü–∏–æ–Ω–µ—Ä
–∫–ª–∏–º–∞—Ç –∫–æ–Ω—Ç—Ä–æ–ª—å
–∫—Ä—É–∏–∑-–∫–æ–Ω—Ç—Ä–æ–ª—å
–ø–æ–¥–æ–≥—Ä–µ–≤ –ø–µ—Ä–µ–¥–Ω–∏—Ö —Å–∏–¥–µ–Ω–∏–π
–æ–±–æ–≥—Ä–µ–≤ –∑–µ—Ä–∫–∞–ª
–∫—Å–µ–Ω–æ–Ω
–±–∏–∫—Å–µ–Ω–æ–Ω
–¥–∞—Ç—á–∏–∫ –¥–æ–∂–¥—è
–¥–∞—Ç—á–∏–∫ —Å–≤–µ—Ç–∞
–±–æ—Ä—Ç–æ–≤–æ–π –∫–æ–º–ø—å—é—Ç–µ—Ä
–∫–æ—Ä—Ä–µ–∫—Ç–æ—Ä —Ñ–∞—Ä
—Ü–µ–Ω—Ç—Ä–∞–ª—å–Ω—ã–π –∑–∞–º–æ–∫",$ 22 500,"https://im.mashina.kg/tachka/images//6/8/1/681dc698d4f15622cc8239e84e7efffc_1200x900.jpg
https://im.mashina.kg/tachka/images//a/d/6/ad673ddb309f407267f974c1288a4711_1200x900.jpg
https://im.mashina.kg/tachka/images//5/1/5/515b1a47eca962afd066bbe4836f126a_1200x900.jpg
https://im.mashina.kg/tachka/images//a/a/a/aaa742faa73c4e9314d7dcc9e9b79a22_1200x900.jpg
https://im.mashina.kg/tachka/images//7/b/5/7b5ef3621dd6ae96bdbf00d23b994add_1200x900.jpg
https://im.mashina.kg/tachka/images//e/7/f/e7f721fde04c432abe0b994f22ed9e26_1200x900.jpg
https://im.mashina.kg/tachka/images//6/b/b/6bb913ca42b5a501c9dee4f383345ee0_1200x900.jpg
https://im.mashina.kg/tachka/images//b/a/6/ba6607b20c9b7346501aecae918484af_1200x900.jpg
https://im.mashina.kg/tachka/images//7/9/d/79d88af58bc8d242d0dd41b05438a7d5_1200x900.jpg
https://im.mashina.kg/tachka/images//4/b/b/4bb6fe7412f1c1e481f2f991dcfc5fdb_1200x900.jpg
"
10,–ü—Ä–æ–¥–∞–∂–∞ BMW 7 —Å–µ—Ä–∏–∏ VI (G11/G12) 730Ld 3.0 ,"–û–ø–∏—Å–∞–Ω–∏–µ
Bmw 730Li 
–ì–æ–¥ : 2017
–û–±—ä—ë–º : 3.0(–¥–∏–∑–µ–ª—å)
–ü—Ä–æ–±–µ–≥ : 120 —Ç—ã—Å
–¶–≤–µ—Ç :  —á–µ—Ä–Ω—ã–π
–¶–≤–µ—Ç —Å–∞–ª–æ–Ω–∞ : —Ç–µ—Ä—Ä–∞–∫–æ—Ç  
–ö–∞–º–µ—Ä—ã –æ–±–∑–æ—Ä–∞ 360
Led- –æ–ø—Ç–∏–∫–∞
–ü–æ–ª–Ω—ã–π –ú-–ø–∞–∫–µ—Ç
–ê—Å—Å–∏—Å—Ç–µ–Ω—Ç –ø–∞—Ä–∫–æ–≤–∫–∏, –∫–∞–º–µ—Ä—ã 360, –∞–∫—É—Å—Ç–∏–∫–∞ Harman&Kardon
4-—Ö –∑–æ–Ω–Ω—ã–π –∫–ª–∏–º–∞—Ç- –∫–æ–Ω—Ç—Ä–æ–ª—å, –¥–∏—Å—Ç—Ä–æ–Ω–∏–∫, –ø–∞—Ä–∫—Ç—Ä–æ–Ω–∏–∫–∏, –ø–∞–Ω–æ—Ä–∞–º–Ω–∞—è –∫—Ä—ã—à–∞ Sky Lounge, —ç–ª–µ–∫—Ç—Ä–æ–Ω–Ω–∞—è –ø—Ä–∏–±–æ—Ä–∫–∞, –ø—Ä–æ–µ–∫—Ü–∏—è –Ω–∞ –ª–æ–±–æ–≤–æ–µ, –∑–∞–¥–Ω–∏–µ –º–æ–Ω–∏—Ç–æ—Ä—ã, –ø–ª–∞–Ω—à–µ—Ç —É–ø—Ä–∞–≤–ª–µ–Ω–∏—è –º—É–ª—å—Ç–∏–º–µ–¥–∏–µ–π
–î–∏—Å–∫–∏ R20
–£–¥–µ—Ä–∂–∞–Ω–∏–µ –ø–æ–ª–æ—Å—ã –¥–≤–∏–∂–µ–Ω–∏—è
–°–∏—Å—Ç–µ–º–∞ –∞–Ω—Ç–∏ –∞–≤–∞—Ä–∏–π–Ω–æ–≥–æ —Å—Ç–æ–ª–∫–Ω–æ–≤–µ–Ω–∏–µ, –∞–¥–∞–ø—Ç–∏–≤–Ω—ã–π –∫—Ä—É–∏–∑-–∫–æ–Ω—Ç—Ä–æ–ª—å 
–ò –º–Ω–æ–≥–æ –¥—Ä—É–≥–æ–µ –¥–ª—è –∫–æ–º—Ñ–æ—Ä—Ç–Ω–æ–π –∏ –±–µ–∑–æ–ø–∞—Å–Ω–æ—Å—Ç–∏ –µ–∑–¥—ã !
–°–∞–º–∞—è –ø–æ–ª–Ω–∞—è –∫–æ–º–ø–ª–µ–∫—Ç–∞—Ü–∏—è !
–°–æ—Å—Ç–æ—è–Ω–∏–µ –Ω–æ–≤–æ–≥–æ –∞–≤—Ç–æ–º–æ–±–∏–ª—è !
–¶–µ–Ω–∞ : 43500$
–¢–µ–ª–µ—Ñ–æ–Ω : +996 557 78-00-00!

–ö–æ–º–ø–ª–µ–∫—Ç–∞—Ü–∏—è

–í–Ω–µ—à–Ω–∏–π –≤–∏–¥

–æ–±–≤–µ—Å
—Ç–æ–Ω–∏—Ä–æ–≤–∫–∞
—Å–ø–æ–π–ª–µ—Ä
–ª–∏—Ç—ã–µ –¥–∏—Å–∫–∏
–ª—é–∫


–°–∞–ª–æ–Ω

–∫–æ–∂–∞
–∫–æ–º–±–∏–Ω–∏—Ä–æ–≤–∞–Ω–Ω—ã–π
–¥–µ—Ä–µ–≤–æ


–ú—É–ª—å—Ç–∏–º–µ–¥–∏–∞

CD
DVD
MP3
USB
—Å–∞–±–≤—É—Ñ–µ—Ä


–ë–µ–∑–æ–ø–∞—Å–Ω–æ—Å—Ç—å

–∞–Ω—Ç–∏–±–ª–æ–∫–∏—Ä–æ–≤–æ—á–Ω–∞—è —Å–∏—Å—Ç–µ–º–∞ (ABS)
–∞–Ω—Ç–∏–ø—Ä–æ–±—É–∫—Å–æ–≤–æ—á–Ω–∞—è —Å–∏—Å—Ç–µ–º–∞
—Å–∏—Å—Ç–µ–º–∞ –∫—É—Ä—Å–æ–≤–æ–π —É—Å—Ç–æ–π—á–∏–≤–æ—Å—Ç–∏
–ø–æ–¥—É—à–∫–∏ –±–µ–∑–æ–ø–∞—Å–Ω–æ—Å—Ç–∏
–ø–∞—Ä–∫—Ç—Ä–æ–Ω–∏–∫
–∫–∞–º–µ—Ä–∞ –∑–∞–¥–Ω–µ–≥–æ –≤–∏–¥–∞


–û–ø—Ü–∏–∏

–ø–æ–ª–Ω—ã–π —ç–ª–µ–∫—Ç—Ä–æ–ø–∞–∫–µ—Ç
—Å–∏–≥–Ω–∞–ª–∏–∑–∞—Ü–∏—è
–∞–≤—Ç–æ–∑–∞–≤–æ–¥
–∫–æ–Ω–¥–∏—Ü–∏–æ–Ω–µ—Ä
–∫–ª–∏–º–∞—Ç –∫–æ–Ω—Ç—Ä–æ–ª—å
–∫—Ä—É–∏–∑-–∫–æ–Ω—Ç—Ä–æ–ª—å
–ø–æ–¥–æ–≥—Ä–µ–≤ –ø–µ—Ä–µ–¥–Ω–∏—Ö —Å–∏–¥–µ–Ω–∏–π
–ø–æ–¥–æ–≥—Ä–µ–≤ –≤—Å–µ—Ö —Å–∏–¥–µ–Ω–∏–π
–æ–±–æ–≥—Ä–µ–≤ –∑–µ—Ä–∫–∞–ª
–∫—Å–µ–Ω–æ–Ω
–±–∏–∫—Å–µ–Ω–æ–Ω
–æ–º—ã–≤–∞—Ç–µ–ª—å —Ñ–∞—Ä
–ø–Ω–µ–≤–º–æ–ø–æ–¥–≤–µ—Å–∫–∞
–ø–∞–º—è—Ç—å —Å–∏–¥–µ–Ω–∏–π
–ø–∞–º—è—Ç—å —Ä—É–ª—è
–¥–∞—Ç—á–∏–∫ –¥–æ–∂–¥—è
–¥–∞—Ç—á–∏–∫ —Å–≤–µ—Ç–∞
–±–æ—Ä—Ç–æ–≤–æ–π –∫–æ–º–ø—å—é—Ç–µ—Ä
–∫–æ—Ä—Ä–µ–∫—Ç–æ—Ä —Ñ–∞—Ä
—Ü–µ–Ω—Ç—Ä–∞–ª—å–Ω—ã–π –∑–∞–º–æ–∫",$ 43 500,"https://im.mashina.kg/tachka/images//8/0/9/809b5e8b8cc2fc7b6841ebcefbf2f357_1200x900.jpg
https://im.mashina.kg/tachka/images//0/4/6/046aaa3416688749993076f6b21026a3_1200x900.jpg
https://im.mashina.kg/tachka/images//f/2/e/f2e4584e0ae5b51c902d35cf740cf63e_1200x900.jpg
https://im.mashina.kg/tachka/images//b/e/b/beb809080fb457b52704d21542e97e70_1200x900.jpg
https://im.mashina.kg/tachka/images//5/3/3/53363dd7e2eb407926bc2310d093d939_1200x900.jpg
https://im.mashina.kg/tachka/images//0/e/e/0eeb129044f6764f33e7b852f0000d9d_1200x900.jpg
https://im.mashina.kg/tachka/images//2/1/7/2178d0a019890211f0b8d2d1ffd63e30_1200x900.jpg
https://im.mashina.kg/tachka/images//a/6/c/a6ca04418f9ef74e72a13ff7a22c9af9_1200x900.jpg
"
11,–ü—Ä–æ–¥–∞–∂–∞ Lexus LX III –†–µ—Å—Ç–∞–π–ª–∏–Ω–≥ 2 570 5.7 ,"–û–ø–∏—Å–∞–Ω–∏–µ
LeXUS LX570
–¶–≤–µ—Ç: –ë–µ–ª—ã–π –∂–µ–º—á—É–≥
–ì–æ–¥ –≤—ã–ø—É—Å–∫–∞: 2016.
–ü—Ä–æ–±–µ–≥: 98,000 –∫–º (–û—Ä–∏–≥–∏–Ω–∞–ª)
–ö–æ–º–ø–ª–µ–∫—Ç–∞—Ü–∏—è –º–∞–∫—Å–∏–º–∞–ª—å–Ω–∞—è.
–ö—É–∑–æ–≤ –æ–∫–ª–µ–µ–Ω –±—Ä–æ–Ω–µ–ø–ª–µ–Ω–∫–æ–π Llumar.
–°–æ—Å—Ç–æ—è–Ω–∏–µ –∏–¥–µ–∞–ª—å–Ω–æ–µ, –≤–ª–æ–∂–µ–Ω–∏–π –Ω–µ —Ç—Ä–µ–±—É–µ—Ç.
–†–æ–¥–Ω–æ–π –∫—Ä–∞—Å–∫–∞ 100%
–ì–æ—Ç–æ–≤ –ª—é–±–æ–π –¥–∏–∞–≥–Ω–æ—Å—Ç–∏–∫–∞
–ü–æ–ª–Ω–æ—Å—Ç—å—é –æ–±—Å–ª—É–∂–µ–Ω–∞.
–û–±–º–µ–Ω HET !!!
–¶–µ–Ω–∞: 88 000$
–¢–µ–ª. 0773 18 88 88

–ö–æ–º–ø–ª–µ–∫—Ç–∞—Ü–∏—è",$ 88 000,"https://im.mashina.kg/tachka/images//3/f/2/3f2a5fd27ff8e31945843feb709b14a4_1200x900.jpg
https://im.mashina.kg/tachka/images//c/a/c/cacec0674dbf4ffd00050f9ac10a557b_1200x900.jpg
https://im.mashina.kg/tachka/images//2/7/f/27f398cfacfe925614a28a898fe7223d_1200x900.jpg
https://im.mashina.kg/tachka/images//c/7/0/c70ab396e310be5088b517d39c038242_1200x900.jpg
https://im.mashina.kg/tachka/images//4/3/0/43042660765f328a0baec638b2eb955c_1200x900.jpg
https://im.mashina.kg/tachka/images//d/6/9/d69ceadde22f06f8fe93fdcc1ebfea06_1200x900.jpg
https://im.mashina.kg/tachka/images//b/d/7/bd70f42adc92b67b10e7169c10b2c84d_1200x900.jpg
https://im.mashina.kg/tachka/images//2/4/7/247bd0bd0c3b3853b48c31ec7bf4c372_1200x900.jpg
https://im.mashina.kg/tachka/images//2/f/7/2f781beddd034a1ceb39938de05658ec_1200x900.jpg
"
12,–ü—Ä–æ–¥–∞–∂–∞ Land Rover Range Rover IV 5.0 ,"–û–ø–∏—Å–∞–Ω–∏–µ
–°—Ä–æ—á–Ω–æ –ì–æ—Ä–∏—Ç üî• 
2013 –ì–æ–¥ 
5.0 –ë–µ–Ω–∑–∏–Ω ‚õΩÔ∏è 
–°–æ—Å—Ç –∏–¥–µ–∞–ª—å 
–¢–æ–ª—å–∫–æ –ù–∞–ª –û–±–º–µ–Ω –ù–ï–ï–¢ 
–¶–µ–Ω–∞ –æ–∫–æ–Ω—á–∞—Ç–µ–ª—å–Ω–æ –Ω–∏–∂–µ –Ω–µ –∑–≤–æ–Ω–∏—Ç–µ 
–¢–µ–ª : 0773188888

–ö–æ–º–ø–ª–µ–∫—Ç–∞—Ü–∏—è",$ 38 500,"https://im.mashina.kg/tachka/images//8/1/4/814495b1e1eca58529f807d81680a048_1200x900.jpg
https://im.mashina.kg/tachka/images//7/f/0/7f00d551294121eceea165c58dba9fef_1200x900.jpg
https://im.mashina.kg/tachka/images//4/b/8/4b8bd1c56fac15b23024840b11de4cce_1200x900.jpg
https://im.mashina.kg/tachka/images//9/d/6/9d6efa554ed957d3f0d8aa9776189eaa_1200x900.jpg
https://im.mashina.kg/tachka/images//5/b/9/5b90e4f6d69c5312e70f128eeea3b15f_1200x900.jpg
https://im.mashina.kg/tachka/images//d/d/d/ddde9796d4167175192932885003a26f_1200x900.jpg
"
13,–ü—Ä–æ–¥–∞–∂–∞ Kia Sportage V 2.0 ,"–û–ø–∏—Å–∞–Ω–∏–µ
‚úÖ–ü—Ä–∏–≤–æ–∑ –∏–∑ –Æ–∂–Ω–æ–π –ö–æ—Ä–µ–∏ üá∞üá∑
‚úÖ –°–û–°–¢–û–Ø–ù–ò–ï –ù–û–í–û–ì–û –ê–í–¢–û!!
‚úÖ–í—Å—è –≤ —Ä–æ–¥–Ω–æ–º –û–∫—Ä–∞—Å–µ
2021. 09 –º–µ—Å—è—Ü –ø–µ—Ä–µ—Ö–æ–¥—è—â–∏–π 2022
‚úÖ –ö–æ–º–ø–ª–µ–∫—Ç–∞—Ü–∏—è Prestige ‚ú®
‚úÖ –ü—Ä–æ—Å—Ç—ã–µ –∏ –Ω–∞–¥–µ–∂–Ω—ã–µ –ê–ö–ü–ü –ò 2,0-–ª–∏—Ç—Ä–æ–≤—ã–π —Ç—É—Ä–±–æ–¥–∏–∑–µ–ª—å  –î–í–ò–ì–ê–¢–ï–õ–¨.
‚úÖ –í –º–∞—à–∏–Ω–µ –µ—Å—Ç—å —Å–∏—Å—Ç–µ–º–∞ –ø—Ä–µ–¥—É–ø—Ä–µ–∂–¥–µ–Ω–∏—è –æ –¥–≤–∏–∂–µ–Ω–∏–∏ –∑–∞–¥–Ω–∏–º —Ö–æ–¥–æ–º —Å –ø—Ä–∏–º–µ–Ω–µ–Ω–∏–µ–º –ø—Ä–∏ –Ω–µ–æ–±—Ö–æ–¥–∏–º–æ—Å—Ç–∏ —ç–∫—Å—Ç—Ä–µ–Ω–Ω–æ–≥–æ —Ç–æ—Ä–º–æ–∂–µ–Ω–∏—è.
‚úÖ –î–≤–∞ –∫–ª—é—á–∞. 
‚úÖ –ü–∞–Ω–æ—Ä–∞–º–Ω–∞—è –ö—Ä—ã—à–∞ 
‚úÖ –¶–∏—Ñ—Ä–∞–≤–∞—è –ø—Ä–∏–±–æ—Ä–Ω–∞—è 
–ø–∞–Ω–µ–ª—å –≤–º–µ—Å—Ç–µ —Å –ú–æ–Ω–∏—Ç–æ—Ä–æ–º –ö–æ—Å–º–∏—á–µ—Å–∫–∏–π –≤–∏–¥ –í—Å–µ—Ñ–æ—Ä–º–∞—Ç–Ω–∞—è –º–∞–≥–Ω–∏—Ç–æ–ª–∞ —Å –ë–ª—é—Ç—É–∑–æ–º
‚úÖ–ü–æ–¥–æ–≥—Ä–µ–≤ üî• –∏ –û–±–¥—É–≤ üí® –ø–µ—Ä–µ–¥–Ω–∏—Ö —Å–∏–¥–µ–Ω–∏–π 
‚úÖ–ü–æ–¥–æ–≥—Ä–µ–≤ –†—É–ª—è 
‚úÖ –ú—É–ª—å—Ç–∏-–†—É–ª—å
‚úÖ 4 —Ä–µ–∂–∏–º–∞ –µ–∑–¥—ã(SMART, ECO, NORMAL,SPORT)
‚úÖ –ö–∞–º–µ—Ä–∞ –∑–∞–¥–Ω–µ–≥–æ –≤–∏–¥–∞ 
‚úÖ –ñ–∏—Ä–Ω–∞—è —Ä–µ–∑–∏–Ω–∞, 17‚Äô –ê–ª—é–º–∏–Ω–∏–µ–≤—ã–µ –î–∏—Å–∫–∏
‚úÖ –°–∏—Å—Ç–µ–º–∞ –∫—É—Ä—Å–æ–≤–æ–π —Å—Ç–∞–±–∏–ª–∏–∑–∞—Ü–∏–∏ (ESP / ESC / DSC / VSA) –ê–Ω—Ç–∏-–∑–∞–Ω–æ—Å
‚úÖ –ü—Ä–∏–∫—É—Ä–∏–≤–∞—Ç–µ–ª—å, USB, Type C –ó–∞—Ä—è–¥–∫–∞ 
‚úÖ–î–∞—Ç—á–∏–∫–∏ —Å–ª–µ–ø—ã—Ö –∑–æ–Ω
‚úÖ–ë–µ—Å–∫–ª—é—á–µ–≤–æ–π –¥–æ—Å—Ç—É–ø
‚úÖ –≠–ª–µ–∫—Ç—Ä–æ–Ω–Ω—ã–π –†—É—á–Ω–∏–∫
‚úÖ–ö–æ—Ä—Ä–µ–∫—Ç–æ—Ä –§–∞—Ä
‚úÖ–°–∏—Å—Ç–µ–º–∞ –°–ø—É—Å–∫ –≥–æ—Ä—ã 
‚úÖ–£–¥–µ—Ä–∂–∞–Ω–∏–µ –ø–æ–ª–æ—Å—ã 
‚úÖ –ö—Ä—É–∏–∑-–∫–æ–Ω—Ç—Ä–æ–ª—å
‚úÖ –°–∏—Å—Ç–µ–º–∞ Distronic ‚Äî —ç—Ç–æ –∏–Ω—Ç–µ–ª–ª–µ–∫—Ç—É–∞–ª—å–Ω–∞—è —Å–∏—Å—Ç–µ–º–∞ –∫—Ä—É–∏–∑-–∫–æ–Ω—Ç—Ä–æ–ª—è, –∫–æ—Ç–æ—Ä–∞—è –≥–æ—Ç–æ–≤–∞ –≤–∑—è—Ç—å —á–∞—Å—Ç—å —É—Ç–æ–º–∏—Ç–µ–ª—å–Ω—ã—Ö –æ–±—è–∑–∞–Ω–Ω–æ—Å—Ç–µ–π –≤–æ–¥–∏—Ç–µ–ª—è –Ω–∞ —Å–µ–±—è. –ï—Å–ª–∏ –í–∞—à –∞–≤—Ç–æ–º–æ–±–∏–ª—å –ø—Ä–∏–±–ª–∏–∂–∞–µ—Ç—Å—è –∫ –¥—Ä—É–≥–æ–º—É, –∫–æ—Ç–æ—Ä—ã–π –¥–≤–∏–∂–µ—Ç—Å—è –≤ –ø–æ–ø—É—Ç–Ω–æ–º –Ω–∞–ø—Ä–∞–≤–ª–µ–Ω–∏–∏ —Å –º–µ–Ω—å—à–µ–π —Å–∫–æ—Ä–æ—Å—Ç—å—é, —Ç–æ –ø—Ä–∏ –≤–∫–ª—é—á–µ–Ω–Ω–æ–π —Å–∏—Å—Ç–µ–º–µ Distronic (–∞–∫—Ç–∏–≤–∏—Ä—É–µ—Ç—Å—è –∏–∑–≤–µ—Å—Ç–Ω—ã–º —Ä—ã—á–∞–≥–æ–º-–ø–µ—Ä–µ–∫–ª—é—á–∞—Ç–µ–ª–µ–º —Å–∏—Å—Ç–µ–º—ã ""–¢–µ–º–ø–æ–º–∞—Ç"") –æ–Ω–∞ –∞–≤—Ç–æ–º–∞—Ç–∏—á–µ—Å–∫–∏ ""—Å–±—Ä–æ—Å–∏—Ç –≥–∞–∑"" –∏–ª–∏ –∑–∞–¥–µ–π—Å—Ç–≤—É–µ—Ç —Ç–æ—Ä–º–æ–∑–Ω—ã–µ –º–µ—Ö–∞–Ω–∏–∑–º—ã, —á—Ç–æ–±—ã —Å–æ—Ö—Ä–∞–Ω–∏—Ç—å –∑–∞–¥–∞–Ω–Ω—É—é –º–∏–Ω–∏–º–∞–ª—å–Ω—É—é –¥–∏—Å—Ç–∞–Ω—Ü–∏—é –º–µ–∂–¥—É –∞–≤—Ç–æ–º–æ–±–∏–ª—è–º–∏.
‚úÖ Auto Hold –≤–æ–¥–∏—Ç–µ–ª—å –º–æ–∂–µ—Ç –æ—Ç–ø—É—Å—Ç–∏—Ç—å –ø–µ–¥–∞–ª—å —Ç–æ—Ä–º–æ–∑–∞ —Å —Å–æ—Ö—Ä–∞–Ω–µ–Ω–∏–µ–º —Ç–æ—Ä–º–æ–∑–Ω–æ–≥–æ —ç—Ñ—Ñ–µ–∫—Ç–∞, –∫–æ–≥–¥–∞ –∞–≤—Ç–æ–º–æ–±–∏–ª—å –æ—Å—Ç–∞–Ω–æ–≤–∏–ª—Å—è –ø–µ—Ä–µ–¥ —Å–≤–µ—Ç–æ—Ñ–æ—Ä–æ–º –∏–ª–∏ –ø–µ—Ä–µ–∫—Ä–µ—Å—Ç–∫–æ–º
‚úÖA/Off A OFF, –æ–Ω–∞ –æ–±–æ–∑–Ω–∞—á–∞–µ—Ç –≤–∫–ª—é—á–µ–Ω–∏–µ/–≤—ã–∫–ª—é—á–µ–Ω–∏–µ —Å–∏—Å—Ç–µ–º—ã –°—Ç–∞—Ä—Ç-–°—Ç–æ–ø.
–î–∞–Ω–Ω–∞—è —Å–∏—Å—Ç–µ–º–∞ –ø–æ–∑–≤–æ–ª—è–µ—Ç —É–º–µ–Ω—å—à–∏—Ç—å —Ä–∞—Å—Ö–æ–¥ —Ç–æ–ø–ª–∏–≤–∞ –∏ —É–ª—É—á—à–∏—Ç—å —ç–∫–æ–ª–æ–≥–∏—é –∑–∞ —Å—á—ë—Ç —Ç–æ–≥–æ, —á—Ç–æ –≤–æ –≤—Ä–µ–º—è –≤—ã–Ω—É–∂–¥–µ–Ω–Ω–æ–π –æ—Å—Ç–∞–Ω–æ–≤–∫–∏ –∞–≤—Ç–æ–º–æ–±–∏–ª—å –≥–ª–æ—Ö–Ω–µ—Ç. –ù–∞–ø—Ä–∏–º–µ—Ä, –µ—Å–ª–∏ –º–∞—à–∏–Ω–∞ –æ—Å—Ç–∞–Ω–∞–≤–ª–∏–≤–∞–µ—Ç—Å—è –Ω–∞ –∫—Ä–∞—Å–Ω—ã–π —Å–∏–≥–Ω–∞–ª —Å–≤–µ—Ç–æ—Ñ–æ—Ä–∞ –∏–ª–∏ –ø–µ—Ä–µ–¥ –ø–µ—à–µ—Ö–æ–¥–Ω—ã–º –ø–µ—Ä–µ—Ö–æ–¥–æ–º.
 –°—Ä–æ—á–Ω–æ üö® 
–°—Ä–æ—á–Ω–∞—è —Ü–µ–Ω–∞ üí≤!!!

–ö–æ–º–ø–ª–µ–∫—Ç–∞—Ü–∏—è

–í–Ω–µ—à–Ω–∏–π –≤–∏–¥

–æ–±–≤–µ—Å
—Ç–æ–Ω–∏—Ä–æ–≤–∫–∞
–ª–∏—Ç—ã–µ –¥–∏—Å–∫–∏
–ª—é–∫


–°–∞–ª–æ–Ω

–∫–æ–∂–∞


–ú—É–ª—å—Ç–∏–º–µ–¥–∏–∞

MP3
USB


–ë–µ–∑–æ–ø–∞—Å–Ω–æ—Å—Ç—å

–∞–Ω—Ç–∏–±–ª–æ–∫–∏—Ä–æ–≤–æ—á–Ω–∞—è —Å–∏—Å—Ç–µ–º–∞ (ABS)
–∞–Ω—Ç–∏–ø—Ä–æ–±—É–∫—Å–æ–≤–æ—á–Ω–∞—è —Å–∏—Å—Ç–µ–º–∞
—Å–∏—Å—Ç–µ–º–∞ –∫—É—Ä—Å–æ–≤–æ–π —É—Å—Ç–æ–π—á–∏–≤–æ—Å—Ç–∏
–ø–æ–¥—É—à–∫–∏ –±–µ–∑–æ–ø–∞—Å–Ω–æ—Å—Ç–∏
–ø–∞—Ä–∫—Ç—Ä–æ–Ω–∏–∫
–∫–∞–º–µ—Ä–∞ –∑–∞–¥–Ω–µ–≥–æ –≤–∏–¥–∞


–û–ø—Ü–∏–∏

–ø–æ–ª–Ω—ã–π —ç–ª–µ–∫—Ç—Ä–æ–ø–∞–∫–µ—Ç
–∫–æ–Ω–¥–∏—Ü–∏–æ–Ω–µ—Ä
–∫–ª–∏–º–∞—Ç –∫–æ–Ω—Ç—Ä–æ–ª—å
–∫—Ä—É–∏–∑-–∫–æ–Ω—Ç—Ä–æ–ª—å
–ø–æ–¥–æ–≥—Ä–µ–≤ –ø–µ—Ä–µ–¥–Ω–∏—Ö —Å–∏–¥–µ–Ω–∏–π
–∫—Å–µ–Ω–æ–Ω
–∫–æ—Ä—Ä–µ–∫—Ç–æ—Ä —Ñ–∞—Ä",$ 33 000,"https://im.mashina.kg/tachka/images//4/f/8/4f8ef4cea6eab545bc76e7d9a75a04b8_1200x900.jpg
https://im.mashina.kg/tachka/images//9/5/7/9577710bf6d4e76c4204c3d06ed3606d_1200x900.jpg
https://im.mashina.kg/tachka/images//4/6/f/46fc23709a0c5f40acbef7c757ffdb2f_1200x900.jpg
https://im.mashina.kg/tachka/images//c/a/2/ca270831120596603491d52e1096d8c2_1200x900.jpg
https://im.mashina.kg/tachka/images//f/5/6/f5637c4de59f8f1372668209fd0478c3_1200x900.jpg
https://im.mashina.kg/tachka/images//7/7/b/77b65b6ba9109708f99412c1feec0dea_1200x900.jpg
https://im.mashina.kg/tachka/images//f/c/5/fc55165fbf9cd0503f2001081e6a40f1_1200x900.jpg
https://im.mashina.kg/tachka/images//d/e/5/de591f292d809bdad996465fda53a30a_1200x900.jpg
https://im.mashina.kg/tachka/images//0/f/d/0fd07e38579b17f7eb34e4ea27be8b88_1200x900.jpg
https://im.mashina.kg/tachka/images//c/d/3/cd3eb8a5b64369b1870588ae9eac41bb_1200x900.jpg
https://im.mashina.kg/tachka/images//0/4/c/04cdb92df5d36b5eab4513caedb2ef0c_1200x900.jpg
https://im.mashina.kg/tachka/images//6/8/a/68ab37b6c1cf809f6095d8ada02742a4_1200x900.jpg
https://im.mashina.kg/tachka/images//b/7/b/b7ba566428a79b6856ceacdee563ef34_1200x900.jpg
https://im.mashina.kg/tachka/images//3/1/1/3114f92ddc89bf4608d13ffc1f519b78_1200x900.jpg
https://im.mashina.kg/tachka/images//a/c/1/ac191ecd0e4a0bd672e255836b246a6b_1200x900.jpg
https://im.mashina.kg/tachka/images//2/f/1/2f1eff423dd589544dc917207e4f780d_1200x900.jpg
https://im.mashina.kg/tachka/images//b/4/9/b49d0216e1a11125c0d4b42ba459627f_1200x900.jpg
https://im.mashina.kg/tachka/images//c/4/2/c42817bc8df9f8a3bad608f05eb546d1_1200x900.jpg
https://im.mashina.kg/tachka/images//7/2/7/727f88b72583addbcb982123d9991a9c_1200x900.jpg
https://im.mashina.kg/tachka/images//6/5/7/657c2f1dff401799d2a0f9ccf86b7704_1200x900.jpg
https://im.mashina.kg/tachka/images//d/7/4/d74bf8418696d3e6c79547d234e75bdf_1200x900.jpg
https://im.mashina.kg/tachka/images//4/3/1/4319ee3f5252da64d3918a5a7117f102_1200x900.jpg
"
14,–ü—Ä–æ–¥–∞–∂–∞ Mercedes-Benz GL-–∫–ª–∞—Å—Å II (X166) 550 4.7 ,"–û–ø–∏—Å–∞–Ω–∏–µ
–ü–µ—Ä–µ–¥–µ–ª–∞–Ω –Ω–∞ GLS 6.3 AMG
–í –ø–æ–ª–Ω–æ–π –∫–æ–º–ø–ª–µ–∫—Ç–∞—Ü–∏–∏.

–ö–æ–º–ø–ª–µ–∫—Ç–∞—Ü–∏—è",$ 49 000,"https://im.mashina.kg/tachka/images//3/c/3/3c3b95a417eec0348dc3c20ce8c32d96_1200x900.jpg
https://im.mashina.kg/tachka/images//3/4/1/341cbb996b9f23cd819dd2298110527d_1200x900.jpg
https://im.mashina.kg/tachka/images//9/7/d/97dab1e8a6d4e48a305e6f242ebbaaa2_1200x900.jpg
https://im.mashina.kg/tachka/images//4/1/f/41f5e8bbc6966c0624803e2ff7b30043_1200x900.jpg
https://im.mashina.kg/tachka/images//7/6/6/766357d3182bfaa3bbd2f0c8596ff377_1200x900.jpg
https://im.mashina.kg/tachka/images//1/f/4/1f41abaf1c793555da2e86b2b241f06f_1200x900.jpg
https://im.mashina.kg/tachka/images//3/7/c/37c54137d7efa1f84fed39fdc6e036a1_1200x900.jpg
https://im.mashina.kg/tachka/images//8/f/c/8fc31edeca6e08c2ee33805537b8c149_1200x900.jpg
https://im.mashina.kg/tachka/images//a/9/1/a9121a767004a176a31bad73597c3b30_1200x900.jpg
https://im.mashina.kg/tachka/images//7/b/1/7b13d5163dbea83fca82efdcc5968f63_1200x900.jpg
https://im.mashina.kg/tachka/images//f/4/1/f41a7d738a6833a6bd78f4a20e0baa34_1200x900.jpg
"
15,–ü—Ä–æ–¥–∞–∂–∞ BYD Han I –†–µ—Å—Ç–∞–π–ª–∏–Ω–≥ Electro AT (380 –∫–í—Ç) 4WD ,"–û–ø–∏—Å–∞–Ω–∏–µ
–ù–æ–≤—ã–π –≤ –Ω–∞–ª–∏—á–∏–∏

–ö–æ–º–ø–ª–µ–∫—Ç–∞—Ü–∏—è",$ 43 000,"https://im.mashina.kg/tachka/images//c/1/2/c121352f140bcbaf71fa276793eb2f73_1200x900.jpg
https://im.mashina.kg/tachka/images//9/1/6/916323e8f3ec6ffb83345a7518b09766_1200x900.jpg
https://im.mashina.kg/tachka/images//7/2/a/72a103ebb859a7b245030399509bcb6b_1200x900.jpg
https://im.mashina.kg/tachka/images//d/b/4/db4a5869549748b05a38025389e47f41_1200x900.jpg
https://im.mashina.kg/tachka/images//5/4/2/542791258a3bc3506ee87d060d42ab0f_1200x900.jpg
https://im.mashina.kg/tachka/images//5/9/4/594745c1dd50651182d8f34fdaec4b63_1200x900.jpg
https://im.mashina.kg/tachka/images//d/5/4/d547196c83187c8a262a7b43d6f702bc_1200x900.jpg
"
16,–ü—Ä–æ–¥–∞–∂–∞ Geely Monjaro 2.0 ,"–û–ø–∏—Å–∞–Ω–∏–µ
–í –Ω–∞–ª–∏—á–∏–∏
–°–µ—Ä—ã–π
–†–∞—Å—Ç–æ–º–æ–∂–∫–æ–π –Ω–∞ —Ñ–∏–∑ –ª–∏—Ü–æ

–ö–æ–º–ø–ª–µ–∫—Ç–∞—Ü–∏—è",$ 32 200,"https://im.mashina.kg/tachka/images//6/0/4/604266eb7b11a61bf5033fb34c3a0a07_1200x900.jpg
"
17,–ü—Ä–æ–¥–∞–∂–∞ Geely Preface 2.0 ,"–û–ø–∏—Å–∞–Ω–∏–µ
–û–ø–∏—Å–∞–Ω–∏–µ –æ—Ç—Å—É—Ç—Å—Ç–≤—É–µ—Ç

–ö–æ–º–ø–ª–µ–∫—Ç–∞—Ü–∏—è",$ 25 500,"https://im.mashina.kg/tachka/images//e/b/a/ebae887c7b1c59a16579c19100f8791f_1200x900.jpg
https://im.mashina.kg/tachka/images//8/8/c/88cfd4ed8736599bacd9cf7ac441d60d_1200x900.jpg
https://im.mashina.kg/tachka/images//f/3/c/f3c97905339dd1badcc50923689e56d6_1200x900.jpg
https://im.mashina.kg/tachka/images//1/d/2/1d20a0cab90fd2727890f9795ac6cc2e_1200x900.jpg
https://im.mashina.kg/tachka/images//f/0/1/f019f5f3de48fa0e28ce750fe6b6ca70_1200x900.jpg
https://im.mashina.kg/tachka/images//c/b/5/cb50b222cd71fd4ed99a21d100de570c_1200x900.jpg
https://im.mashina.kg/tachka/images//b/6/d/b6dcf9689f838bcc15b44138aa9eb7ee_1200x900.jpg
https://im.mashina.kg/tachka/images//3/3/5/33514dd47c63fc59656d6cd1e898cc2f_1200x900.jpg
https://im.mashina.kg/tachka/images//a/6/9/a69c76af2065e9be12e6707bba5a71b8_1200x900.jpg
"
18,–ü—Ä–æ–¥–∞–∂–∞ Mercedes-Benz C-–∫–ª–∞—Å—Å AMG IV (W205) 63 AMG 4.0 ,"–û–ø–∏—Å–∞–Ω–∏–µ
c63 AMG –°–≤–µ–∂–µ–ø—Ä–∏–≥–Ω–∞–Ω –∏–∑ –ö–æ—Ä–µ–∏, –≤ —Ç–æ–ø–æ–≤–æ–π –∫–æ–º–ø–ª–µ–∫—Ç–∞—Ü–∏–∏, –≥–æ–¥ 2017 –Ω–∞ —á–µ—Ä–Ω–æ–º –∫–æ–∂ —Å–∞–ª–æ–Ω–µ, –∫–∞–º–µ—Ä—ã 360, –ø–∞–Ω–æ—Ä–∞–º–∞, –ø—Ä–æ–µ–∫—Ü–∏—è, —Å–∏—Å—Ç–µ–º–∞ —ç–∫—Å—Ç—Ä–µ–Ω–Ω–æ–≥–æ —Ç–æ—Ä–º–æ–∂–µ–Ω–∏—è, –¥–∞—Ç—á–∏–∫–∏ —Å–ª–µ–ø—ã—Ö –∑–æ–Ω, –∞–≤—Ç–æ–ø–∞—Ä–∫–æ–≤–∫–∞, hands free, –±–µ–∑–∫–ª—é—á–µ–≤–æ–π –¥–æ—Å—Ç—É–ø, –ø–æ–¥—Å–≤–µ—Ç–∫–∞ 64—Ü–≤–µ—Ç–∞, –¥–µ—Ñ–ª–µ–∫—Ç–æ—Ä–∞ gt, –∑–∞–≤–æ–¥—Å–∫–æ–π –≤–Ω–µ—à–Ω–∏–π –ø–∞–∫–µ—Ç –∫–∞—Ä–±–æ–Ω–∞, 19 –¥–∏—Å–∫–∏ vossen –Ω–∞ –Ω–æ–≤–æ–π —Ä–µ–∑–∏–Ω–µ, –∞–∫—É—Å—Ç–∏–∫–∞ 3D burmester, –ø–µ—Ä–µ–¥–Ω—è—è –≥—É–±–∞ edition1, –∞–≤—Ç–æ –≤ –∏—Å–∫–ª—é—á–∏—Ç–µ–ª—å–Ω–æ–º —Å–æ—Å—Ç–æ—è–Ω–∏–∏. –†–∞—Å—Å–º–æ—Ç—Ä—é –≤–∞—Ä–∏–∞–Ω—Ç—ã –æ–±–º–µ–Ω–∞. –†–µ–∞–ª—å–Ω–æ–º—É –ø–æ–∫—É–ø–∞—Ç–µ–ª—é —Ö–æ—Ä–æ—à–∏–π —Ç–æ—Ä–≥. 

–ö–æ–º–ø–ª–µ–∫—Ç–∞—Ü–∏—è

–í–Ω–µ—à–Ω–∏–π –≤–∏–¥

–æ–±–≤–µ—Å
—Å–ø–æ–π–ª–µ—Ä
–ª–∏—Ç—ã–µ –¥–∏—Å–∫–∏
–ª—é–∫


–°–∞–ª–æ–Ω

–∫–æ–∂–∞


–ú—É–ª—å—Ç–∏–º–µ–¥–∏–∞

CD
DVD
MP3
USB
—Å–∞–±–≤—É—Ñ–µ—Ä


–ë–µ–∑–æ–ø–∞—Å–Ω–æ—Å—Ç—å

–∞–Ω—Ç–∏–±–ª–æ–∫–∏—Ä–æ–≤–æ—á–Ω–∞—è —Å–∏—Å—Ç–µ–º–∞ (ABS)
–∞–Ω—Ç–∏–ø—Ä–æ–±—É–∫—Å–æ–≤–æ—á–Ω–∞—è —Å–∏—Å—Ç–µ–º–∞
—Å–∏—Å—Ç–µ–º–∞ –∫—É—Ä—Å–æ–≤–æ–π —É—Å—Ç–æ–π—á–∏–≤–æ—Å—Ç–∏
–ø–æ–¥—É—à–∫–∏ –±–µ–∑–æ–ø–∞—Å–Ω–æ—Å—Ç–∏
–ø–∞—Ä–∫—Ç—Ä–æ–Ω–∏–∫
–∫–∞–º–µ—Ä–∞ –∑–∞–¥–Ω–µ–≥–æ –≤–∏–¥–∞


–û–ø—Ü–∏–∏

–ø–æ–ª–Ω—ã–π —ç–ª–µ–∫—Ç—Ä–æ–ø–∞–∫–µ—Ç
—Å–∏–≥–Ω–∞–ª–∏–∑–∞—Ü–∏—è
–∫–æ–Ω–¥–∏—Ü–∏–æ–Ω–µ—Ä
–∫–ª–∏–º–∞—Ç –∫–æ–Ω—Ç—Ä–æ–ª—å
–∫—Ä—É–∏–∑-–∫–æ–Ω—Ç—Ä–æ–ª—å
–ø–æ–¥–æ–≥—Ä–µ–≤ –ø–µ—Ä–µ–¥–Ω–∏—Ö —Å–∏–¥–µ–Ω–∏–π
–æ–±–æ–≥—Ä–µ–≤ –∑–µ—Ä–∫–∞–ª
–∫—Å–µ–Ω–æ–Ω
–±–∏–∫—Å–µ–Ω–æ–Ω
–ø–∞–º—è—Ç—å —Å–∏–¥–µ–Ω–∏–π
–ø–∞–º—è—Ç—å —Ä—É–ª—è
–¥–∞—Ç—á–∏–∫ –¥–æ–∂–¥—è
–¥–∞—Ç—á–∏–∫ —Å–≤–µ—Ç–∞
–±–æ—Ä—Ç–æ–≤–æ–π –∫–æ–º–ø—å—é—Ç–µ—Ä
–∫–æ—Ä—Ä–µ–∫—Ç–æ—Ä —Ñ–∞—Ä
—Ü–µ–Ω—Ç—Ä–∞–ª—å–Ω—ã–π –∑–∞–º–æ–∫",$ 65 000,"https://im.mashina.kg/tachka/images//a/d/5/ad508080a5f8ba24920fda5e49419914_1200x900.jpg
https://im.mashina.kg/tachka/images//b/e/9/be9eb11f1a952f5d4b09cb50b301abcb_1200x900.jpg
https://im.mashina.kg/tachka/images//e/5/7/e577d2af5a531839b0a886e02bc56304_1200x900.jpg
https://im.mashina.kg/tachka/images//6/a/6/6a6a0958f0ea03d1f6369864fcb3c7ec_1200x900.jpg
https://im.mashina.kg/tachka/images//3/0/e/30ece57e1393b05f9920cc94cb505095_1200x900.jpg
https://im.mashina.kg/tachka/images//2/7/7/27738b15c58fe9817a3b474a0432d1d1_1200x900.jpg
https://im.mashina.kg/tachka/images//4/7/d/47d0b06ad5307001e316c909758dd529_1200x900.jpg
https://im.mashina.kg/tachka/images//a/5/4/a54dc0f16c81d941dc90c1453b5ce845_1200x900.jpg
https://im.mashina.kg/tachka/images//b/6/1/b61bb823175fa7793e5c73d49f54196c_1200x900.jpg
https://im.mashina.kg/tachka/images//7/7/9/779d2f021f1714eccdfd0fb83a98009f_1200x900.jpg
https://im.mashina.kg/tachka/images//5/8/c/58cc9b1b1f2662ff1bf1fd7d15563fcb_1200x900.jpg
https://im.mashina.kg/tachka/images//a/2/6/a26bb37e1c8e31ab22a89f660e69234a_1200x900.jpg
"
19,–ü—Ä–æ–¥–∞–∂–∞ Lexus GX I 470 4.7 ,"–û–ø–∏—Å–∞–Ω–∏–µ
–ü—Ä–æ–¥–∞—é Lexus GX 470
–ì–æ–¥ –≤—ã–ø—É—Å–∫–∞: 2005 –º–æ–¥–µ–ª—å
–ê–º–µ—Ä–∏–∫–∞–Ω–µ—Ü 
–û–±—ä—ë–º 4.7  –±–µ–Ω–∑–∏–Ω/–≥–∞–∑
(–ò—Ç–∞–ª–∏—è –æ–±–æ—Ä—É–¥–æ–≤–∞–Ω–∏–µ)
–°—Ç–∞—Ä—ã–π –∑–∞–≤–æ–∑, –≤ –≥–æ—Ä–æ–¥–µ —Å 2013-–≥–æ–¥–∞ –∏–∑ –ê–º–µ—Ä–∏–∫–∏
–¶–≤–µ—Ç: –°–µ—Ä—ã–π
–°–∞–ª–æ–Ω: –°–µ—Ä–∞—è –∫–æ–∂–∞, (–Ω–µ –ø–µ—Ä–µ—à–∏—Ç—ã–π) –ê–∫–≤–∞–ø—Ä–∏–Ω—Ç, —ç–ª–µ–∫—Ç—Ä–æ–Ω–Ω—ã–π —à–∏—Ç—å –ø—Ä–∏–±–æ—Ä, 
–ü—Ä–æ–±–µ–≥: 220...–º–∏–ª—å
–ü–æ–ª–Ω–∞—è –∫–æ–º–ø–ª–µ–∫—Ç–∞—Ü–∏—è 
–î–≤–∞ –ú–æ–Ω–∏—Ç–æ—Ä–∞, –∫–∞–º–µ—Ä–∞ –∑–∞–¥–Ω–µ–≥–æ –≤–∏–¥–∞, –ø–∞–º—è—Ç—å –∏ –ø–æ–¥–æ–≥—Ä–µ–≤ —Å–∏–¥–µ–Ω–∏–π –∏.—Ç–¥
EVA –ø–æ–ª–∏–∫–∏ 
–ó–∞–ø–∞—Å–∫–∞,–¥–æ–º–∫—Ä–∞—Ç, –∫–∞—Ç–∞–ª–∏–∑–∞—Ç–æ—Ä  –≤—Å–µ –Ω–∞ –º–µ—Å—Ç–µ))
–°–Ω–∏–∑—É –≤—Å–µ —Å—É—Ö–æ, —Ä–∂–∞–≤—á–∏–Ω—ã –Ω–µ—Ç—É 
–í—Å–µ –∑–∞–≤–æ–¥—Å–∫–∏–µ —Å—Ç–∏–∫–µ—Ä–∞ –Ω–∞ –º–µ—Å—Ç–µ 
–í—Å–µ —Å—Ç–µ–∫–ª–∞ —Ä–æ–¥–Ω—ã–µ, –≤–∫–ª—é—á–∞—è –ª–æ–±–æ–≤–æ–µ, —á—Ç–æ –ø–æ –∫—É–∑–æ–≤—É —á—Ç–æ –ø–æ —Å–∞–ª–æ–Ω—É –¥–µ—Ñ–µ–∫—Ç–æ–≤ –Ω–µ—Ç—É 
–°–æ—Å—Ç–æ—è–Ω–∏–µ –æ—Ç–ª–∏—á–Ω–æ–µ 
–¶–µ–Ω–∞ 22300$–º–∏–∫—Ä–æ —Ç–æ—Ä–≥ 
0777601010 –í–∞—Ç—Å–∞–ø–ø

–ö–æ–º–ø–ª–µ–∫—Ç–∞—Ü–∏—è

–í–Ω–µ—à–Ω–∏–π –≤–∏–¥

—Ç–æ–Ω–∏—Ä–æ–≤–∫–∞
—Å–ø–æ–π–ª–µ—Ä
–ª–∏—Ç—ã–µ –¥–∏—Å–∫–∏
–ª—é–∫


–°–∞–ª–æ–Ω

–∫–æ–∂–∞
–¥–µ—Ä–µ–≤–æ


–ú—É–ª—å—Ç–∏–º–µ–¥–∏–∞

CD
DVD
MP3
USB


–ë–µ–∑–æ–ø–∞—Å–Ω–æ—Å—Ç—å

–∞–Ω—Ç–∏–±–ª–æ–∫–∏—Ä–æ–≤–æ—á–Ω–∞—è —Å–∏—Å—Ç–µ–º–∞ (ABS)
–∞–Ω—Ç–∏–ø—Ä–æ–±—É–∫—Å–æ–≤–æ—á–Ω–∞—è —Å–∏—Å—Ç–µ–º–∞
—Å–∏—Å—Ç–µ–º–∞ –∫—É—Ä—Å–æ–≤–æ–π —É—Å—Ç–æ–π—á–∏–≤–æ—Å—Ç–∏
–ø–æ–¥—É—à–∫–∏ –±–µ–∑–æ–ø–∞—Å–Ω–æ—Å—Ç–∏
–∫–∞–º–µ—Ä–∞ –∑–∞–¥–Ω–µ–≥–æ –≤–∏–¥–∞


–û–ø—Ü–∏–∏

–ø–æ–ª–Ω—ã–π —ç–ª–µ–∫—Ç—Ä–æ–ø–∞–∫–µ—Ç
–∫–æ–Ω–¥–∏—Ü–∏–æ–Ω–µ—Ä
–∫–ª–∏–º–∞—Ç –∫–æ–Ω—Ç—Ä–æ–ª—å
–≥–∞–∑–æ–±–∞–ª–æ–Ω–Ω–æ–µ –æ–±–æ—Ä—É–¥–æ–≤–∞–Ω–∏–µ
–∫—Ä—É–∏–∑-–∫–æ–Ω—Ç—Ä–æ–ª—å
–ø–æ–¥–æ–≥—Ä–µ–≤ –ø–µ—Ä–µ–¥–Ω–∏—Ö —Å–∏–¥–µ–Ω–∏–π
–ø–æ–¥–æ–≥—Ä–µ–≤ –≤—Å–µ—Ö —Å–∏–¥–µ–Ω–∏–π
–æ–º—ã–≤–∞—Ç–µ–ª—å —Ñ–∞—Ä
–ø–Ω–µ–≤–º–æ–ø–æ–¥–≤–µ—Å–∫–∞
–ø–∞–º—è—Ç—å —Å–∏–¥–µ–Ω–∏–π
–ø–∞–º—è—Ç—å —Ä—É–ª—è
–¥–∞—Ç—á–∏–∫ –¥–æ–∂–¥—è
–¥–∞—Ç—á–∏–∫ —Å–≤–µ—Ç–∞
–±–æ—Ä—Ç–æ–≤–æ–π –∫–æ–º–ø—å—é—Ç–µ—Ä
–∫–æ—Ä—Ä–µ–∫—Ç–æ—Ä —Ñ–∞—Ä
—Ü–µ–Ω—Ç—Ä–∞–ª—å–Ω—ã–π –∑–∞–º–æ–∫",$ 22 300,"https://im.mashina.kg/tachka/images//0/8/9/089e2bf6fece451b245a49be50f6d965_1200x900.jpg
https://im.mashina.kg/tachka/images//8/e/8/8e827df80fec9cf1b1c7fef3e02b66b5_1200x900.jpg
https://im.mashina.kg/tachka/images//b/4/0/b4029e281f269c63199dbbadb5880182_1200x900.jpg
https://im.mashina.kg/tachka/images//0/1/8/0182806131c6470e5493a13106bd8390_1200x900.jpg
https://im.mashina.kg/tachka/images//d/4/b/d4b99044c67548e8ae63e6c7f031842b_1200x900.jpg
https://im.mashina.kg/tachka/images//5/1/b/51bd29f882f9cb46f1a9c903b7d70ca8_1200x900.jpg
https://im.mashina.kg/tachka/images//d/5/d/d5d3091f376096efb26974dc00d808d7_1200x900.jpg
"
20,–ü—Ä–æ–¥–∞–∂–∞ Mercedes-Benz GLS I (X166) 350 d 3.0 ,"–û–ø–∏—Å–∞–Ω–∏–µ
Mercedes GLS-350D
–ì–æ–¥ : 2017 
–ü—Ä–æ–±–µ–≥ : 100—Ç—ã—Å.–∫–º 
–û–±—ä–µ–º : 3.0 –¥–∏–∑–µ–ª—å 
–¶–≤–µ—Ç : —Å–µ—Ä—ã–π 
–¶–≤–µ—Ç —Å–∞–ª–æ–Ω–∞ : —á—ë—Ä–Ω—ã–π –∫–æ–∂–∞–Ω—ã–π 
–í –º–∞–∫—Å–∏–º–∞–ª—å–Ω–æ–π –∫–æ–º–ø–ª–µ–∫—Ç–∞—Ü–∏–∏ ! 
–í AMG –æ–±–≤–µ—Å–µ ! 
–†–∞–∑–¥–µ–ª—å–Ω–∞—è –ø–∞–Ω–æ—Ä–∞–º–Ω–∞—è –∫—Ä—ã—à–∞ 
–ê–∫—É—Å—Ç–∏–∫–∞ harman Kardon 
–í –∏–¥–µ–∞–ª—å–Ω–æ–º —Å–æ—Å—Ç–æ—è–Ω–∏–∏ ! 
–ò–∑ –ö–æ—Ä–µ–∏ ! 
–¶–µ–Ω–∞ : 57.000$ (–Ω–∞ –æ–±–º–µ–Ω –¥–æ—Ä–æ–∂–µ) 
–¢–µ–ª–µ—Ñ–æ–Ω : +996 995 999 998


–ö–æ–º–ø–ª–µ–∫—Ç–∞—Ü–∏—è",$ 57 000,"https://im.mashina.kg/tachka/images//6/d/1/6d1cc86e133a446c29e2b22f0b641f64_1200x900.jpg
https://im.mashina.kg/tachka/images//2/6/1/26196c831d685fa91a80204f1ee8593e_1200x900.jpg
https://im.mashina.kg/tachka/images//a/3/f/a3f608fd14e18d8fe5d87ec411d057a8_1200x900.jpg
https://im.mashina.kg/tachka/images//f/d/a/fdac3747f90e11b293648f31a2924dc6_1200x900.jpg
https://im.mashina.kg/tachka/images//3/2/6/326734714779894bf9eb982d12267589_1200x900.jpg
https://im.mashina.kg/tachka/images//7/0/a/70a377fcd40f9cb359d2211890007955_1200x900.jpg
https://im.mashina.kg/tachka/images//1/7/6/176be201fc86a3684b33c8344aade99d_1200x900.jpg
https://im.mashina.kg/tachka/images//2/b/5/2b5f33b5e322d8068ffc0aa73e6006f8_1200x900.jpg
https://im.mashina.kg/tachka/images//f/3/7/f37523336675c64cf171be72ecfd70f4_1200x900.jpg
"
